"DESCRIPTION","DURATION IN MS","NAME","PARENT SUITE","START TIME","STATUS","STOP TIME","SUB SUITE","SUITE","TEST CLASS","TEST METHOD"
"","8522","Оформление заказа самоката","tests","2026-10-03","passed","2026-10-03","TestOrder","test_order","",""
"","6987","Раскрытие вопроса 6 в FAQ","tests","2026-10-03","passed","2026-10-03","TestFAQ","test_faq","",""
"","8522","Оформление заказа самоката","tests","2026-10-03","passed","2026-10-03","TestOrder","test_order","",""
"","5596","Оформление заказа самоката","tests","2026-10-03","passed","2026-10-03","TestOrder","test_order","",""
"","5841","Раскрытие вопроса 0 в FAQ","tests","2026-10-03","passed","2026-10-03","TestFAQ","test_faq","",""
"","5213","Раскрытие вопроса 5 в FAQ","tests","2026-10-03","passed","2026-10-03","TestFAQ","test_faq","",""
"","5964","Раскрытие вопроса 1 в FAQ","tests","2026-10-03","passed","2026-10-03","TestFAQ","test_faq","",""
"","6860","Раскрытие вопроса 4 в FAQ","tests","2026-10-03","passed","2026-10-03","TestFAQ","test_faq","",""
"","5797","Раскрытие вопроса 3 в FAQ","tests","2026-10-03","passed","2026-10-03","TestFAQ","test_faq","",""
"","3433","Раскрытие вопроса 7 в FAQ","tests","2026-10-03","passed","2026-10-03","TestFAQ","test_faq","",""
"","3762","Раскрытие вопроса 2 в FAQ","tests","2026-10-03","passed","2026-10-03","TestFAQ","test_faq","",""
"","5647","Оформление заказа самоката","tests","2026-10-03","passed","2026-10-03","TestOrder","test_order","",""
